-- MySQL dump 10.13  Distrib 8.0.25, for Win64 (x86_64)
--
-- Host: localhost    Database: dz
-- ------------------------------------------------------
-- Server version	8.0.25

/*!40101 SET @OLD_CHARACTER_SET_CLIENT=@@CHARACTER_SET_CLIENT */;
/*!40101 SET @OLD_CHARACTER_SET_RESULTS=@@CHARACTER_SET_RESULTS */;
/*!40101 SET @OLD_COLLATION_CONNECTION=@@COLLATION_CONNECTION */;
/*!50503 SET NAMES utf8mb4 */;
/*!40103 SET @OLD_TIME_ZONE=@@TIME_ZONE */;
/*!40103 SET TIME_ZONE='+00:00' */;
/*!40014 SET @OLD_UNIQUE_CHECKS=@@UNIQUE_CHECKS, UNIQUE_CHECKS=0 */;
/*!40014 SET @OLD_FOREIGN_KEY_CHECKS=@@FOREIGN_KEY_CHECKS, FOREIGN_KEY_CHECKS=0 */;
/*!40101 SET @OLD_SQL_MODE=@@SQL_MODE, SQL_MODE='NO_AUTO_VALUE_ON_ZERO' */;
/*!40111 SET @OLD_SQL_NOTES=@@SQL_NOTES, SQL_NOTES=0 */;

--
-- Table structure for table `catalogs`
--

DROP TABLE IF EXISTS `catalogs`;
/*!40101 SET @saved_cs_client     = @@character_set_client */;
/*!50503 SET character_set_client = utf8mb4 */;
CREATE TABLE `catalogs` (
  `id` bigint unsigned NOT NULL AUTO_INCREMENT,
  `name` varchar(255) CHARACTER SET utf8mb4 COLLATE utf8mb4_unicode_ci DEFAULT NULL COMMENT 'Название раздела',
  PRIMARY KEY (`id`),
  UNIQUE KEY `unique_name` (`name`(10))
) ENGINE=InnoDB AUTO_INCREMENT=6 DEFAULT CHARSET=utf8mb4 COLLATE=utf8mb4_unicode_ci COMMENT='Разделы интернет-магазина';
/*!40101 SET character_set_client = @saved_cs_client */;

--
-- Dumping data for table `catalogs`
--

LOCK TABLES `catalogs` WRITE;
/*!40000 ALTER TABLE `catalogs` DISABLE KEYS */;
INSERT INTO `catalogs` VALUES (1,'Процессоры'),(2,'Материнские платы'),(3,'Видеокарты'),(4,'Жесткие диски'),(5,'Оперативная память');
/*!40000 ALTER TABLE `catalogs` ENABLE KEYS */;
UNLOCK TABLES;

--
-- Table structure for table `discounts`
--

DROP TABLE IF EXISTS `discounts`;
/*!40101 SET @saved_cs_client     = @@character_set_client */;
/*!50503 SET character_set_client = utf8mb4 */;
CREATE TABLE `discounts` (
  `id` bigint unsigned NOT NULL AUTO_INCREMENT,
  `user_id` int unsigned DEFAULT NULL,
  `product_id` int unsigned DEFAULT NULL,
  `discount` float unsigned DEFAULT NULL COMMENT 'Величина скидки от 0.0 до 1.0',
  `started_at` datetime DEFAULT NULL,
  `finished_at` datetime DEFAULT NULL,
  `created_at` datetime DEFAULT CURRENT_TIMESTAMP,
  `updated_at` datetime DEFAULT CURRENT_TIMESTAMP ON UPDATE CURRENT_TIMESTAMP,
  PRIMARY KEY (`id`),
  KEY `index_of_user_id` (`user_id`),
  KEY `index_of_product_id` (`product_id`)
) ENGINE=InnoDB AUTO_INCREMENT=101 DEFAULT CHARSET=utf8mb4 COLLATE=utf8mb4_unicode_ci COMMENT='Скидки';
/*!40101 SET character_set_client = @saved_cs_client */;

--
-- Dumping data for table `discounts`
--

LOCK TABLES `discounts` WRITE;
/*!40000 ALTER TABLE `discounts` DISABLE KEYS */;
INSERT INTO `discounts` VALUES (1,1,1,3318,'1991-08-08 21:24:30','1976-01-27 01:38:48','2008-10-31 03:12:51','2015-04-11 22:38:16'),(2,2,2,188284000,'1984-08-09 18:50:14','1988-03-21 20:00:02','1975-01-28 11:26:04','1972-06-01 05:35:03'),(3,3,3,35331,'2017-01-01 12:18:38','1983-08-23 12:19:24','1980-06-08 10:17:32','2015-01-31 12:05:08'),(4,4,4,0,'1983-02-16 16:02:30','1996-01-25 19:18:57','1990-10-26 20:53:03','1983-03-12 21:39:47'),(5,5,5,77,'1977-11-11 10:17:49','1979-11-27 19:17:42','1999-07-09 22:13:14','2012-06-12 14:33:36'),(6,6,6,0,'2006-11-11 11:38:49','2000-04-20 02:59:38','2011-02-09 09:58:52','1999-10-09 20:18:33'),(7,1,7,63,'1993-11-08 07:46:05','1988-07-30 04:21:44','1998-01-22 10:07:13','2009-02-05 15:45:36'),(8,2,1,329,'2011-03-03 07:48:30','1997-08-18 21:52:26','1986-02-13 22:02:54','1972-07-20 05:01:54'),(9,3,2,14644,'1974-03-31 09:32:26','2011-03-12 23:43:08','1976-12-19 09:46:54','1986-06-20 20:08:16'),(10,4,3,5944690,'2012-09-30 08:04:44','2014-12-03 08:12:34','2021-01-25 14:20:39','1995-05-30 05:15:12'),(11,5,4,3049,'2017-01-29 13:21:38','1974-09-03 13:54:21','1986-11-23 18:53:37','1986-09-25 15:16:26'),(12,6,5,33124,'1979-12-07 21:12:20','1976-08-04 22:27:52','2010-04-24 21:39:28','1995-03-24 09:43:54'),(13,1,6,984,'1991-11-02 04:36:49','1983-11-23 13:48:35','2019-06-27 07:00:29','2008-11-28 19:32:21'),(14,2,7,124689,'1979-02-16 18:59:39','1996-04-02 16:42:45','2017-11-12 02:34:03','1998-06-29 16:43:13'),(15,3,1,833904,'2008-04-27 16:26:27','2018-03-04 02:27:58','2006-07-15 19:39:04','2019-08-11 14:09:02'),(16,4,2,934090000,'1993-11-12 00:33:17','2016-10-21 13:59:23','2002-05-17 16:48:19','1984-08-13 02:17:07'),(17,5,3,0,'1985-04-04 10:15:29','2002-03-27 23:52:14','1990-08-17 16:49:27','2012-12-28 07:42:42'),(18,6,4,67,'1997-04-17 16:59:47','1989-06-08 16:22:09','1989-09-15 13:06:08','2020-12-26 02:23:31'),(19,1,5,0,'2014-07-13 08:06:12','2009-09-14 01:40:09','1993-02-25 00:22:08','1991-01-27 11:52:04'),(20,2,6,0,'2008-06-08 16:29:00','1998-03-09 19:13:12','1977-12-20 20:31:49','1979-01-06 01:55:23'),(21,3,7,39429200,'2018-10-20 08:41:47','2009-04-29 05:51:17','1988-12-01 01:01:41','1986-01-02 09:52:05'),(22,4,1,12102800,'2004-01-09 19:01:08','2002-07-08 23:31:08','2014-01-04 13:59:33','1973-08-16 12:51:55'),(23,5,2,786460,'1977-08-07 03:58:53','2013-11-25 19:33:43','2015-07-15 05:48:05','2017-06-13 02:19:08'),(24,6,3,75255,'2005-09-22 14:14:51','1982-08-21 19:56:56','2007-07-22 06:35:58','1974-06-19 01:15:21'),(25,1,4,59239800,'2008-06-02 23:01:01','2014-04-07 00:42:37','2014-02-13 07:06:25','1995-11-28 17:04:53'),(26,2,5,98565,'2021-03-18 09:42:42','1986-06-30 08:26:11','1982-04-20 13:02:25','1973-01-18 09:06:58'),(27,3,6,209,'2017-02-14 01:15:16','1970-08-22 18:57:19','2021-07-10 01:30:51','2000-04-20 13:59:26'),(28,4,7,41426300,'2019-07-13 05:34:45','2005-10-30 16:57:48','2021-03-07 06:23:31','2013-07-09 23:57:20'),(29,5,1,567815000,'1995-02-28 11:57:36','1990-01-10 14:47:38','1980-04-14 16:55:23','1973-10-12 18:58:19'),(30,6,2,36637900,'2011-08-24 16:32:17','1994-01-24 07:18:31','1972-05-10 23:02:50','1991-01-06 17:02:18'),(31,1,3,63568500,'1992-07-04 21:44:49','1987-04-17 13:03:47','1981-06-22 03:48:20','1971-02-05 05:03:58'),(32,2,4,10,'1989-11-25 17:57:11','2017-05-23 12:25:29','2017-10-27 09:55:21','1976-10-25 10:32:05'),(33,3,5,3475600,'2008-06-28 05:35:11','2015-03-31 00:53:04','1973-07-05 16:26:03','2010-06-09 22:30:57'),(34,4,6,7804,'1979-12-17 12:41:25','1986-01-20 05:39:16','1979-03-07 18:00:04','1982-04-03 21:24:04'),(35,5,7,0,'1996-05-24 13:52:03','2010-10-04 12:43:40','2007-12-17 17:37:47','1972-02-28 05:45:25'),(36,6,1,40467,'2009-05-26 09:13:10','1972-10-11 02:07:12','2015-09-30 05:10:41','1995-08-02 19:47:50'),(37,1,2,46,'1986-11-21 03:17:00','2008-09-29 03:29:58','2007-04-17 10:18:31','1991-11-12 15:09:20'),(38,2,3,159,'1994-09-18 19:32:28','2005-11-04 20:48:12','1994-05-04 12:09:08','2018-10-24 21:22:29'),(39,3,4,56,'1973-05-08 23:03:43','1984-01-26 15:58:48','1971-07-10 06:47:01','1978-02-20 09:54:49'),(40,4,5,0,'2008-01-09 09:13:49','1972-03-22 06:38:16','2018-10-14 14:41:47','1984-09-01 20:57:21'),(41,5,6,0,'1970-04-10 10:35:50','1976-06-04 20:33:07','1988-09-16 04:02:32','1999-05-06 09:07:10'),(42,6,7,56276,'1982-04-09 11:59:09','1997-07-04 18:07:17','2000-06-29 17:32:46','2017-06-04 19:52:05'),(43,1,1,4248000,'1983-11-14 09:16:16','1974-07-03 11:06:14','1971-10-18 02:46:32','2016-05-10 13:16:37'),(44,2,2,36260400,'1973-01-03 10:40:40','2006-12-01 13:39:17','1971-10-31 07:12:35','2014-11-05 03:24:53'),(45,3,3,281664,'2000-04-07 12:25:48','1980-02-22 00:13:14','2011-11-19 08:33:21','1983-03-11 13:21:57'),(46,4,4,730,'2008-11-02 11:55:02','1993-04-07 21:03:08','2021-02-13 23:32:17','2011-11-30 11:48:24'),(47,5,5,6,'1971-12-10 04:51:56','1997-05-08 01:21:02','1971-05-11 19:31:15','1988-01-04 08:18:53'),(48,6,6,2,'2002-09-27 11:56:46','1976-11-23 01:30:13','1999-10-01 11:07:35','1983-12-19 12:21:23'),(49,1,7,85783800,'1973-08-31 21:24:28','2007-08-18 06:01:01','2006-06-02 08:19:01','1994-10-05 11:08:58'),(50,2,1,7,'2000-08-06 11:17:20','2016-09-07 15:31:52','1988-10-03 16:00:51','1986-03-03 06:31:42'),(51,3,2,9,'1998-09-15 11:32:04','2015-06-22 00:59:06','2007-03-28 21:54:36','1972-08-09 23:20:36'),(52,4,3,4,'2019-07-30 22:26:47','1999-05-05 11:58:05','1976-12-08 02:06:28','2000-01-22 02:55:19'),(53,5,4,0,'1989-07-04 11:08:58','1975-03-20 21:21:14','1996-02-07 06:58:27','1994-06-13 05:29:26'),(54,6,5,9175890,'2007-07-03 05:15:46','2017-09-30 01:38:53','1983-10-17 04:34:25','2014-11-04 10:23:05'),(55,1,6,6197,'2001-10-04 14:53:14','2007-08-09 00:06:34','1971-10-15 16:02:15','1971-04-04 14:57:15'),(56,2,7,0,'2015-12-15 21:56:05','1971-12-27 12:01:19','2009-01-25 22:20:21','1994-08-04 14:10:21'),(57,3,1,9,'2003-07-11 08:22:11','1983-09-30 11:58:31','1999-10-12 07:13:43','1988-05-18 23:47:06'),(58,4,2,4921,'1971-05-20 10:43:48','1973-04-02 23:40:57','1980-11-18 06:41:35','1978-07-01 02:27:38'),(59,5,3,388031000,'2017-12-09 00:53:07','1983-09-26 01:30:48','1978-08-12 11:33:02','1997-03-20 20:01:29'),(60,6,4,4487580,'1970-12-09 10:47:33','1992-08-30 23:35:02','2018-10-07 08:37:31','1970-02-19 03:48:14'),(61,1,5,66829400,'2005-11-19 23:33:38','2001-07-16 13:20:56','2020-12-23 07:04:47','2010-03-12 03:49:17'),(62,2,6,92,'1996-07-20 18:10:44','1972-03-06 00:38:15','1978-05-28 15:59:45','1991-01-14 23:22:48'),(63,3,7,0,'2009-07-26 22:09:14','1977-03-28 08:35:57','2018-12-22 13:53:00','2009-05-15 12:53:19'),(64,4,1,463343000,'2013-11-03 16:52:27','1989-07-26 06:27:14','1970-08-24 20:41:19','1974-11-01 09:53:55'),(65,5,2,756,'2019-01-19 00:25:50','1975-05-14 05:17:31','1991-02-17 16:16:18','2011-12-24 22:34:42'),(66,6,3,69312,'1982-01-04 22:09:48','2012-03-06 07:28:55','1987-08-31 21:29:24','1989-02-25 16:39:38'),(67,1,4,0,'1975-06-11 18:24:10','1978-09-05 14:01:34','1986-03-16 00:14:11','2006-09-01 09:05:30'),(68,2,5,9653330,'1974-11-30 15:08:59','1980-07-07 00:18:27','2000-07-23 03:44:50','1984-08-03 02:42:13'),(69,3,6,505585,'2003-12-12 03:55:34','1976-12-06 13:06:13','1988-08-14 18:25:56','2021-03-16 06:49:53'),(70,4,7,2858,'1988-04-02 22:30:39','2018-11-08 23:16:03','1988-08-16 19:47:16','1995-05-22 14:09:52'),(71,5,1,379,'2014-12-05 13:10:43','2014-05-07 20:46:27','2004-10-08 18:08:13','1980-09-19 07:19:10'),(72,6,2,4919170,'2018-01-13 15:20:50','1976-06-19 00:27:42','2014-02-10 20:38:55','2016-08-18 06:08:45'),(73,1,3,46,'2000-08-13 06:59:09','2006-10-26 01:11:53','2002-08-09 15:13:31','2005-11-21 16:31:29'),(74,2,4,404,'1997-04-01 12:03:17','2010-10-27 00:46:23','1989-11-25 08:37:57','1984-05-18 00:21:18'),(75,3,5,1384,'1985-09-16 11:59:27','2000-05-06 10:45:31','1988-10-13 02:41:24','1990-02-03 04:51:38'),(76,4,6,341,'1974-11-21 20:24:03','2018-03-31 00:50:39','2014-06-05 04:09:36','2007-03-30 01:11:16'),(77,5,7,981124,'1994-06-07 19:34:10','2011-02-16 12:47:27','1979-07-03 17:14:05','1970-09-05 21:48:30'),(78,6,1,1826210,'1972-07-10 23:15:17','1973-06-25 08:05:13','1974-01-29 21:31:20','2012-03-02 12:53:35'),(79,1,2,278097000,'1990-09-17 12:54:14','1974-08-03 14:39:32','2002-01-16 12:31:28','1987-04-19 08:32:12'),(80,2,3,7,'1992-08-31 05:38:38','2001-02-26 01:16:46','2018-02-19 02:31:46','1976-07-22 21:57:05'),(81,3,4,946,'2004-03-18 19:37:53','1998-12-26 01:45:50','1976-04-14 00:49:32','2007-07-10 23:20:04'),(82,4,5,7392,'2004-01-02 09:07:51','2004-06-26 19:48:33','2002-01-22 19:37:26','1978-01-28 22:34:58'),(83,5,6,68745,'1970-02-15 13:45:28','1990-05-16 11:35:30','2016-05-05 09:46:19','1988-05-08 20:08:25'),(84,6,7,94318,'1979-04-19 16:55:58','1996-07-04 00:19:53','1983-12-31 22:54:21','1975-07-19 22:45:32'),(85,1,1,13701,'1976-04-22 18:25:22','2009-05-29 18:06:55','2003-01-22 20:18:03','2009-12-12 06:43:03'),(86,2,2,694,'1970-01-01 05:10:18','2015-04-23 23:43:36','2010-10-09 09:22:45','1991-01-22 11:55:12'),(87,3,3,7,'2008-06-17 10:33:33','1970-03-10 06:23:59','1970-06-22 22:43:13','1988-01-25 04:18:28'),(88,4,4,82,'1982-10-16 10:00:16','1985-08-02 22:36:27','1980-05-19 01:27:49','1973-04-08 00:09:04'),(89,5,5,7486,'1979-06-24 01:23:28','1985-08-31 02:00:22','2016-07-11 05:37:26','2012-09-09 21:36:10'),(90,6,6,4435590,'1988-02-04 05:59:44','2007-03-07 02:59:34','1975-02-12 03:26:52','1989-03-01 01:29:27'),(91,1,7,2094,'2011-06-28 14:33:27','1987-03-17 09:47:37','1981-05-31 22:19:52','2019-09-28 05:34:37'),(92,2,1,26,'1981-05-01 15:36:51','1984-07-01 01:16:34','1992-04-14 12:58:46','2019-05-16 05:12:17'),(93,3,2,2976390,'2019-07-04 19:41:03','2004-11-26 08:36:27','2016-08-11 05:34:09','1984-04-19 19:44:18'),(94,4,3,831132000,'2002-11-29 17:03:40','2004-12-29 20:43:46','2004-06-15 16:57:52','1991-12-17 14:36:34'),(95,5,4,0,'1970-06-28 10:24:18','2016-04-14 14:08:26','2006-10-29 19:33:34','1986-08-06 10:55:08'),(96,6,5,70,'2015-08-06 07:06:19','1996-07-01 17:19:47','2018-03-05 03:07:51','1988-01-27 16:03:04'),(97,1,6,965292000,'1994-09-12 11:11:56','1984-10-05 23:37:30','1984-12-01 17:08:55','1981-01-25 04:16:26'),(98,2,7,69468,'1982-12-03 07:35:13','1981-06-21 16:40:20','1992-07-29 08:48:52','2007-02-27 16:57:51'),(99,3,1,982152000,'1988-10-17 20:39:24','1999-04-15 22:30:14','1984-11-22 22:33:23','1997-02-25 03:49:01'),(100,4,2,0,'1982-10-26 00:22:50','1982-07-18 08:31:26','2009-11-12 00:22:46','1999-12-11 04:14:50');
/*!40000 ALTER TABLE `discounts` ENABLE KEYS */;
UNLOCK TABLES;

--
-- Table structure for table `orders`
--

DROP TABLE IF EXISTS `orders`;
/*!40101 SET @saved_cs_client     = @@character_set_client */;
/*!50503 SET character_set_client = utf8mb4 */;
CREATE TABLE `orders` (
  `id` bigint unsigned NOT NULL AUTO_INCREMENT,
  `user_id` int unsigned DEFAULT NULL,
  `created_at` datetime DEFAULT CURRENT_TIMESTAMP,
  `updated_at` datetime DEFAULT CURRENT_TIMESTAMP ON UPDATE CURRENT_TIMESTAMP,
  PRIMARY KEY (`id`),
  KEY `index_of_user_id` (`user_id`)
) ENGINE=InnoDB AUTO_INCREMENT=101 DEFAULT CHARSET=utf8mb4 COLLATE=utf8mb4_unicode_ci COMMENT='Заказы';
/*!40101 SET character_set_client = @saved_cs_client */;

--
-- Dumping data for table `orders`
--

LOCK TABLES `orders` WRITE;
/*!40000 ALTER TABLE `orders` DISABLE KEYS */;
INSERT INTO `orders` VALUES (1,1,'2007-04-05 20:02:56','1980-01-10 22:47:12'),(2,2,'1977-09-07 17:12:15','1982-12-29 22:08:40'),(3,3,'1991-10-29 08:22:52','2016-06-23 20:31:13'),(4,4,'1994-10-19 19:08:31','1977-01-04 03:03:01'),(5,5,'1972-08-26 12:57:25','2002-08-18 18:06:22'),(6,6,'2002-08-30 20:06:12','2019-08-22 10:01:29'),(7,1,'1993-10-10 13:53:23','1998-07-23 21:13:25'),(8,2,'1981-10-09 03:00:51','1988-09-25 20:03:59'),(9,3,'1980-03-02 13:11:12','1970-04-18 07:44:31'),(10,4,'1988-06-30 00:52:25','1987-10-01 22:48:38'),(11,5,'1997-03-28 09:31:08','2000-11-12 20:21:12'),(12,6,'1981-05-22 22:28:40','1980-10-07 00:29:58'),(13,1,'1976-02-20 00:08:36','2004-12-30 16:51:25'),(14,2,'1987-09-29 18:09:39','1976-05-02 14:37:59'),(15,3,'1979-05-31 20:03:05','2002-01-20 06:50:57'),(16,4,'1996-03-02 22:31:15','1991-01-14 16:49:35'),(17,5,'1986-04-08 06:14:17','2001-08-19 14:45:56'),(18,6,'1977-10-22 12:08:09','1991-01-02 01:56:36'),(19,1,'1999-12-08 02:20:53','1998-04-23 22:55:16'),(20,2,'2008-02-05 09:31:17','2005-05-28 07:37:09'),(21,3,'2005-12-03 14:48:23','1990-12-30 04:43:31'),(22,4,'2002-04-16 00:47:04','1998-03-18 08:01:02'),(23,5,'1995-03-15 10:49:18','1971-04-02 04:41:13'),(24,6,'1977-06-03 02:08:24','2010-06-10 00:33:58'),(25,1,'1989-06-16 02:28:18','1991-06-10 00:49:07'),(26,2,'1996-01-12 01:16:20','2004-01-09 00:07:03'),(27,3,'1986-10-14 16:27:56','1999-03-15 04:53:41'),(28,4,'2019-02-25 16:46:41','1980-07-16 03:15:22'),(29,5,'1992-11-20 10:38:46','1995-04-21 22:15:20'),(30,6,'1990-08-13 06:43:40','1981-04-13 15:19:08'),(31,1,'1992-10-18 15:40:07','2002-05-13 19:39:28'),(32,2,'1972-11-14 06:20:44','2019-03-23 02:04:47'),(33,3,'1979-08-08 08:15:48','2013-01-18 22:24:17'),(34,4,'2005-02-25 15:21:16','1991-05-12 09:55:43'),(35,5,'2004-08-15 07:18:41','1978-03-13 10:48:37'),(36,6,'1976-02-04 06:00:04','1972-12-15 14:43:56'),(37,1,'2008-01-09 14:35:22','2001-11-25 18:54:42'),(38,2,'2001-12-03 15:23:03','1987-01-01 13:22:53'),(39,3,'1981-05-18 16:11:47','2000-09-11 15:50:18'),(40,4,'2018-06-12 03:06:35','2003-04-20 22:37:40'),(41,5,'2003-12-28 03:10:09','1984-08-25 12:09:51'),(42,6,'1986-01-01 02:40:31','2010-04-16 21:20:35'),(43,1,'1974-06-13 20:05:48','2015-07-21 06:02:35'),(44,2,'1983-01-31 20:04:49','1996-12-25 13:15:40'),(45,3,'1991-04-05 11:42:32','1978-10-17 21:09:51'),(46,4,'1990-03-25 12:10:41','2016-08-14 03:14:58'),(47,5,'1994-03-16 18:02:35','1975-12-26 17:07:28'),(48,6,'2016-04-22 01:03:36','1993-04-13 09:18:46'),(49,1,'1996-12-17 18:30:23','1990-12-17 09:51:46'),(50,2,'1992-09-27 13:57:13','2006-04-10 14:36:14'),(51,3,'1970-06-08 13:48:50','1975-01-04 05:22:07'),(52,4,'1997-11-23 06:55:42','2014-10-07 09:00:47'),(53,5,'1984-01-04 17:22:49','1992-09-12 03:52:18'),(54,6,'1982-02-27 17:18:25','2006-05-30 07:44:55'),(55,1,'2006-09-19 09:18:16','1987-05-03 08:57:28'),(56,2,'1995-07-08 22:45:39','2018-12-18 19:52:48'),(57,3,'1988-04-11 14:53:18','2017-07-13 11:12:09'),(58,4,'1981-07-29 16:37:12','1999-09-03 14:19:50'),(59,5,'1995-07-19 00:47:34','1994-01-12 05:07:28'),(60,6,'1997-02-10 11:15:08','2001-12-11 09:53:33'),(61,1,'1993-10-24 21:35:49','2000-02-02 20:12:22'),(62,2,'2016-12-06 21:31:48','1970-05-26 06:52:55'),(63,3,'2012-03-29 07:12:21','2019-03-30 05:53:42'),(64,4,'1973-02-08 14:04:09','1985-02-20 02:26:27'),(65,5,'1993-10-19 22:23:43','2019-07-25 14:56:59'),(66,6,'1987-05-29 11:58:00','1979-06-06 02:42:44'),(67,1,'2010-05-31 06:35:59','1983-12-01 03:14:26'),(68,2,'1974-02-14 00:38:31','2016-07-01 22:36:48'),(69,3,'1985-06-22 14:33:01','2006-12-04 14:38:05'),(70,4,'1970-09-30 04:40:46','2002-03-21 20:20:33'),(71,5,'1982-09-23 07:31:37','2010-08-24 03:42:01'),(72,6,'1983-11-27 02:41:16','1973-06-11 04:47:15'),(73,1,'1993-07-18 03:11:47','2001-02-16 20:33:42'),(74,2,'1990-02-17 19:33:47','1975-07-01 04:07:22'),(75,3,'2016-01-11 15:40:52','2006-10-27 08:39:43'),(76,4,'2007-04-16 18:56:03','2012-10-19 23:26:21'),(77,5,'2015-10-22 03:16:24','1984-03-17 02:42:24'),(78,6,'2007-06-10 06:43:42','2011-11-07 20:44:42'),(79,1,'2007-03-19 09:46:41','2020-12-02 02:52:04'),(80,2,'1995-09-09 13:52:10','2005-11-02 18:46:15'),(81,3,'2006-08-17 01:43:06','2019-07-20 14:39:33'),(82,4,'2000-04-30 05:32:39','2013-10-26 23:56:38'),(83,5,'2020-02-13 10:57:10','1998-06-18 23:45:27'),(84,6,'1989-06-30 08:26:29','2003-11-16 22:20:41'),(85,1,'2020-06-24 06:45:02','1976-10-30 21:32:27'),(86,2,'1978-04-28 18:47:53','1978-09-04 19:43:37'),(87,3,'1976-05-25 11:11:26','1986-02-18 02:53:19'),(88,4,'1975-08-14 08:22:13','2011-08-28 03:51:49'),(89,5,'1982-09-11 14:37:36','1975-02-22 15:12:42'),(90,6,'2005-04-01 13:56:23','1971-11-10 05:40:42'),(91,1,'2010-05-19 16:03:09','1985-08-23 05:19:09'),(92,2,'1990-11-19 01:55:04','1970-10-29 00:12:53'),(93,3,'1973-11-27 20:29:21','2000-05-23 07:42:09'),(94,4,'1971-01-24 10:41:34','1993-06-16 20:02:04'),(95,5,'2016-10-30 22:39:17','1989-06-04 04:19:00'),(96,6,'1995-08-29 18:05:37','2014-03-04 09:08:37'),(97,1,'1978-04-27 05:34:41','1993-11-30 14:19:44'),(98,2,'1989-12-02 21:36:02','1987-10-12 17:36:16'),(99,3,'2005-08-01 18:48:25','1978-04-19 20:49:21'),(100,4,'1985-06-10 04:35:03','1990-06-24 18:35:06');
/*!40000 ALTER TABLE `orders` ENABLE KEYS */;
UNLOCK TABLES;

--
-- Table structure for table `orders_products`
--

DROP TABLE IF EXISTS `orders_products`;
/*!40101 SET @saved_cs_client     = @@character_set_client */;
/*!50503 SET character_set_client = utf8mb4 */;
CREATE TABLE `orders_products` (
  `id` bigint unsigned NOT NULL AUTO_INCREMENT,
  `order_id` int unsigned DEFAULT NULL,
  `product_id` int unsigned DEFAULT NULL,
  `total` int unsigned DEFAULT '1' COMMENT 'Количество заказанных товарных позиций',
  `created_at` datetime DEFAULT CURRENT_TIMESTAMP,
  `updated_at` datetime DEFAULT CURRENT_TIMESTAMP ON UPDATE CURRENT_TIMESTAMP,
  PRIMARY KEY (`id`)
) ENGINE=InnoDB AUTO_INCREMENT=101 DEFAULT CHARSET=utf8mb4 COLLATE=utf8mb4_unicode_ci COMMENT='Состав заказа';
/*!40101 SET character_set_client = @saved_cs_client */;

--
-- Dumping data for table `orders_products`
--

LOCK TABLES `orders_products` WRITE;
/*!40000 ALTER TABLE `orders_products` DISABLE KEYS */;
INSERT INTO `orders_products` VALUES (1,1,1,1,'1982-05-18 06:22:54','1974-03-31 12:04:03'),(2,2,2,1,'1986-04-02 10:32:41','1989-08-24 14:48:55'),(3,3,3,1,'2019-08-12 18:00:44','1992-11-18 20:21:35'),(4,4,4,1,'1978-06-05 07:30:16','1992-08-23 02:48:43'),(5,5,5,1,'1976-08-09 19:47:36','1998-08-05 21:20:56'),(6,6,6,1,'2015-05-20 23:12:56','2000-07-19 04:32:53'),(7,7,7,1,'1983-01-11 04:12:29','2009-03-07 00:28:40'),(8,8,1,1,'1981-01-14 18:28:01','1975-12-20 11:58:31'),(9,9,2,1,'1997-12-11 06:41:15','2011-10-21 09:20:08'),(10,10,3,1,'1997-06-24 00:28:23','2009-06-13 21:59:48'),(11,11,4,1,'1985-07-15 20:18:22','1983-06-23 12:51:01'),(12,12,5,1,'2013-08-25 08:41:59','1994-10-06 22:27:27'),(13,13,6,1,'1990-08-31 08:53:32','1979-09-09 08:09:23'),(14,14,7,1,'2002-08-09 20:32:11','2013-05-08 14:26:07'),(15,15,1,1,'1998-03-02 11:46:50','1998-12-04 13:31:40'),(16,16,2,1,'2006-04-21 07:39:50','2017-05-30 11:24:28'),(17,17,3,1,'1977-07-30 01:28:36','1982-12-10 15:32:44'),(18,18,4,1,'1980-09-12 22:37:50','1976-08-04 15:02:18'),(19,19,5,1,'1998-12-19 17:44:13','2001-06-26 12:37:33'),(20,20,6,1,'1976-11-16 06:15:50','1997-02-20 01:18:24'),(21,21,7,1,'2012-01-08 02:21:05','1990-10-08 14:24:49'),(22,22,1,1,'1995-02-05 09:13:48','2001-05-15 10:48:00'),(23,23,2,1,'2004-08-27 07:50:24','2019-08-29 04:17:57'),(24,24,3,1,'1986-07-28 18:41:10','1999-06-03 12:29:56'),(25,25,4,1,'2011-11-12 10:15:44','1979-03-23 19:27:40'),(26,26,5,1,'1975-07-17 05:04:15','2018-08-14 14:28:28'),(27,27,6,1,'2009-08-03 00:51:08','2016-03-12 14:11:24'),(28,28,7,1,'2014-01-31 13:45:12','2017-04-18 07:47:41'),(29,29,1,1,'2008-11-15 04:26:06','2021-01-15 06:48:53'),(30,30,2,1,'2012-10-11 20:00:32','1984-07-21 16:07:51'),(31,31,3,1,'1979-04-06 23:49:51','1992-10-12 17:39:57'),(32,32,4,1,'1992-10-26 14:39:50','1999-09-09 09:17:24'),(33,33,5,1,'2012-06-28 05:49:29','1995-11-16 16:48:21'),(34,34,6,1,'2020-02-23 13:44:16','2021-02-25 11:22:28'),(35,35,7,1,'1973-07-23 23:49:30','2017-12-01 14:01:29'),(36,36,1,1,'1995-09-17 20:37:10','1972-02-11 01:31:27'),(37,37,2,1,'1990-02-07 11:45:27','2010-10-10 09:23:06'),(38,38,3,1,'2012-02-07 04:56:40','2014-10-13 10:53:49'),(39,39,4,1,'1980-08-21 18:16:53','2009-09-08 11:39:23'),(40,40,5,1,'2019-11-25 07:50:15','1977-06-23 13:28:06'),(41,41,6,1,'1983-05-15 09:24:47','1974-12-15 10:15:30'),(42,42,7,1,'2010-01-27 04:53:12','2002-08-05 05:17:28'),(43,43,1,1,'1976-01-08 11:19:27','2018-09-09 21:57:20'),(44,44,2,1,'2001-03-02 03:26:49','2011-12-20 16:15:55'),(45,45,3,1,'2021-04-04 11:46:58','2015-04-28 07:03:06'),(46,46,4,1,'1972-08-23 02:56:31','1999-04-02 14:06:19'),(47,47,5,1,'1997-11-26 08:16:49','1999-08-05 10:15:51'),(48,48,6,1,'1994-01-18 10:19:49','2007-03-31 06:13:11'),(49,49,7,1,'1977-10-03 22:44:02','2020-08-12 08:58:26'),(50,50,1,1,'1974-06-23 03:08:49','2010-03-23 06:49:52'),(51,51,2,1,'1980-11-30 00:32:45','1996-09-29 11:35:06'),(52,52,3,1,'1977-03-13 15:15:53','1972-01-01 02:50:06'),(53,53,4,1,'1987-06-13 14:35:48','2012-07-29 01:44:26'),(54,54,5,1,'1994-03-26 06:00:09','1995-12-08 15:07:15'),(55,55,6,1,'2004-02-27 00:47:01','2019-08-31 23:10:29'),(56,56,7,1,'1983-06-03 06:30:10','2005-02-11 12:31:20'),(57,57,1,1,'2020-07-26 10:04:33','1988-12-17 19:57:39'),(58,58,2,1,'1997-12-03 11:44:35','1979-05-05 10:28:37'),(59,59,3,1,'2005-01-09 08:49:15','2019-09-10 19:52:12'),(60,60,4,1,'1999-04-18 04:19:06','1975-02-21 19:05:07'),(61,61,5,1,'2014-07-01 09:06:57','2017-06-03 13:11:46'),(62,62,6,1,'2020-01-24 06:09:55','1988-03-20 11:35:32'),(63,63,7,1,'1975-01-11 08:48:54','1980-06-22 10:03:03'),(64,64,1,1,'2007-12-27 00:58:10','1996-01-20 14:36:31'),(65,65,2,1,'1977-07-26 15:50:33','1976-09-21 07:47:40'),(66,66,3,1,'1991-06-10 08:18:27','2003-11-06 01:11:28'),(67,67,4,1,'1985-12-01 15:38:23','1975-10-19 18:34:39'),(68,68,5,1,'2004-10-18 00:10:14','1970-08-18 17:54:03'),(69,69,6,1,'1999-01-19 18:34:38','1988-02-19 00:16:38'),(70,70,7,1,'1999-03-05 11:09:41','1984-11-26 06:47:40'),(71,71,1,1,'1978-10-07 12:53:02','1974-10-10 18:59:15'),(72,72,2,1,'2014-06-19 22:51:42','1998-10-18 02:54:12'),(73,73,3,1,'2013-02-09 05:43:49','2006-02-27 12:37:51'),(74,74,4,1,'1990-07-26 21:06:01','2017-02-22 14:36:59'),(75,75,5,1,'2012-07-15 20:06:32','2020-07-09 14:34:04'),(76,76,6,1,'1994-05-14 14:23:47','1986-04-01 02:37:46'),(77,77,7,1,'2007-12-31 20:04:11','2019-07-20 03:20:20'),(78,78,1,1,'2004-01-21 07:59:44','2010-09-29 06:23:48'),(79,79,2,1,'2007-01-03 23:18:26','1982-01-03 09:45:59'),(80,80,3,1,'1972-05-21 19:15:10','2020-02-10 07:08:35'),(81,81,4,1,'1982-09-23 15:03:51','1971-07-27 06:01:52'),(82,82,5,1,'2015-12-01 13:48:19','2016-02-08 19:19:09'),(83,83,6,1,'2012-02-29 19:48:48','2005-10-15 07:59:27'),(84,84,7,1,'2000-06-09 14:43:46','2002-10-28 23:49:11'),(85,85,1,1,'2015-09-06 08:17:37','2016-12-24 19:12:35'),(86,86,2,1,'2006-10-09 21:20:24','2006-07-15 11:45:36'),(87,87,3,1,'2002-02-23 05:05:49','1983-01-13 19:33:14'),(88,88,4,1,'1980-05-09 06:45:37','2001-07-21 20:43:56'),(89,89,5,1,'1981-07-22 15:38:31','1972-09-28 01:15:46'),(90,90,6,1,'2006-09-30 01:39:39','1997-09-12 09:26:00'),(91,91,7,1,'2012-09-18 07:19:23','2012-09-20 04:06:10'),(92,92,1,1,'1993-12-12 08:27:45','2003-12-29 00:18:06'),(93,93,2,1,'1985-12-12 23:00:13','2005-02-03 03:46:32'),(94,94,3,1,'1986-01-08 19:37:15','1981-09-03 17:33:28'),(95,95,4,1,'1987-08-08 16:55:39','1972-04-02 17:38:56'),(96,96,5,1,'2000-07-26 14:54:49','2017-03-02 21:32:47'),(97,97,6,1,'1991-10-28 12:26:52','2008-03-19 06:25:02'),(98,98,7,1,'2018-04-29 19:29:22','2014-03-01 23:33:58'),(99,99,1,1,'1988-07-18 16:34:18','1972-01-22 05:06:37'),(100,100,2,1,'2005-12-12 05:46:58','2000-09-04 08:09:07');
/*!40000 ALTER TABLE `orders_products` ENABLE KEYS */;
UNLOCK TABLES;

--
-- Table structure for table `products`
--

DROP TABLE IF EXISTS `products`;
/*!40101 SET @saved_cs_client     = @@character_set_client */;
/*!50503 SET character_set_client = utf8mb4 */;
CREATE TABLE `products` (
  `id` bigint unsigned NOT NULL AUTO_INCREMENT,
  `name` varchar(255) CHARACTER SET utf8mb4 COLLATE utf8mb4_unicode_ci DEFAULT NULL COMMENT 'Название',
  `description` text CHARACTER SET utf8mb4 COLLATE utf8mb4_unicode_ci COMMENT 'Описание',
  `price` decimal(11,2) DEFAULT NULL COMMENT 'Цена',
  `catalog_id` int unsigned DEFAULT NULL,
  `created_at` datetime DEFAULT CURRENT_TIMESTAMP,
  `updated_at` datetime DEFAULT CURRENT_TIMESTAMP ON UPDATE CURRENT_TIMESTAMP,
  PRIMARY KEY (`id`),
  KEY `index_of_catalog_id` (`catalog_id`)
) ENGINE=InnoDB AUTO_INCREMENT=8 DEFAULT CHARSET=utf8mb4 COLLATE=utf8mb4_unicode_ci COMMENT='Товарные позиции';
/*!40101 SET character_set_client = @saved_cs_client */;

--
-- Dumping data for table `products`
--

LOCK TABLES `products` WRITE;
/*!40000 ALTER TABLE `products` DISABLE KEYS */;
INSERT INTO `products` VALUES (1,'Intel Core i3-8100','Процессор для настольных персональных компьютеров, основанных на платформе Intel.',7890.00,1,'2021-07-11 08:35:18','2021-07-11 08:35:18'),(2,'Intel Core i5-7400','Процессор для настольных персональных компьютеров, основанных на платформе Intel.',12700.00,1,'2021-07-11 08:35:18','2021-07-11 08:35:18'),(3,'AMD FX-8320E','Процессор для настольных персональных компьютеров, основанных на платформе AMD.',4780.00,1,'2021-07-11 08:35:18','2021-07-11 08:35:18'),(4,'AMD FX-8320','Процессор для настольных персональных компьютеров, основанных на платформе AMD.',7120.00,1,'2021-07-11 08:35:18','2021-07-11 08:35:18'),(5,'ASUS ROG MAXIMUS X HERO','Материнская плата ASUS ROG MAXIMUS X HERO, Z370, Socket 1151-V2, DDR4, ATX',19310.00,2,'2021-07-11 08:35:18','2021-07-11 08:35:18'),(6,'Gigabyte H310M S2H','Материнская плата Gigabyte H310M S2H, H310, Socket 1151-V2, DDR4, mATX',4790.00,2,'2021-07-11 08:35:18','2021-07-11 08:35:18'),(7,'MSI B250M GAMING PRO','Материнская плата MSI B250M GAMING PRO, B250, Socket 1151, DDR4, mATX',5060.00,2,'2021-07-11 08:35:18','2021-07-11 08:35:18');
/*!40000 ALTER TABLE `products` ENABLE KEYS */;
UNLOCK TABLES;

--
-- Table structure for table `storehouses`
--

DROP TABLE IF EXISTS `storehouses`;
/*!40101 SET @saved_cs_client     = @@character_set_client */;
/*!50503 SET character_set_client = utf8mb4 */;
CREATE TABLE `storehouses` (
  `id` bigint unsigned NOT NULL AUTO_INCREMENT,
  `name` varchar(255) CHARACTER SET utf8mb4 COLLATE utf8mb4_unicode_ci DEFAULT NULL COMMENT 'Название',
  `created_at` datetime DEFAULT CURRENT_TIMESTAMP,
  `updated_at` datetime DEFAULT CURRENT_TIMESTAMP ON UPDATE CURRENT_TIMESTAMP,
  PRIMARY KEY (`id`)
) ENGINE=InnoDB AUTO_INCREMENT=101 DEFAULT CHARSET=utf8mb4 COLLATE=utf8mb4_unicode_ci COMMENT='Склады';
/*!40101 SET character_set_client = @saved_cs_client */;

--
-- Dumping data for table `storehouses`
--

LOCK TABLES `storehouses` WRITE;
/*!40000 ALTER TABLE `storehouses` DISABLE KEYS */;
INSERT INTO `storehouses` VALUES (1,'quia','2011-05-18 11:47:53','1975-05-08 20:30:19'),(2,'dolor','2014-11-04 20:22:19','1978-12-04 15:12:06'),(3,'reprehenderit','1972-06-21 16:28:37','2017-08-21 13:13:11'),(4,'mollitia','2012-07-28 09:39:01','2020-06-14 19:29:23'),(5,'distinctio','2009-02-16 19:47:23','1994-12-31 11:24:36'),(6,'repudiandae','1988-08-18 09:32:34','1983-10-08 17:52:28'),(7,'accusantium','2003-11-17 00:58:46','2004-03-22 13:44:29'),(8,'ad','1973-05-01 08:09:26','1999-03-07 14:06:18'),(9,'et','2009-05-09 20:53:36','1986-10-26 10:47:43'),(10,'error','1997-12-11 17:13:37','2010-01-26 01:58:22'),(11,'in','1991-06-06 20:12:24','1985-11-25 09:31:04'),(12,'soluta','1983-03-06 11:17:45','1975-02-08 04:31:58'),(13,'nostrum','1997-07-18 16:09:57','2007-03-19 12:01:27'),(14,'vero','1993-11-22 11:20:46','2018-02-01 23:08:32'),(15,'nihil','1979-11-21 09:03:50','1974-12-03 23:14:06'),(16,'consequatur','1990-07-07 07:33:53','2019-04-06 03:12:51'),(17,'aut','2012-02-18 19:59:49','1977-12-28 20:24:50'),(18,'quo','2011-08-18 11:42:01','1973-07-04 07:15:36'),(19,'dolorem','2018-09-18 10:13:09','1970-09-14 17:38:44'),(20,'recusandae','2014-09-22 12:57:06','2002-01-02 15:54:23'),(21,'odio','2012-02-22 19:23:49','2009-01-06 10:58:43'),(22,'sapiente','2015-12-20 07:53:50','1994-07-12 00:46:11'),(23,'eveniet','1994-05-31 06:33:46','2011-12-19 15:27:26'),(24,'est','2004-03-22 00:24:56','2006-06-17 08:13:50'),(25,'dolor','2016-06-29 22:45:01','2016-08-15 00:16:57'),(26,'rerum','1976-11-28 06:37:27','1978-10-08 08:00:26'),(27,'culpa','1972-04-13 04:55:16','2015-10-10 01:30:48'),(28,'ullam','1970-12-17 22:38:16','1995-04-06 12:00:15'),(29,'quia','2014-01-07 12:53:17','2006-12-08 01:21:37'),(30,'similique','2014-12-30 15:19:57','1978-08-15 03:02:26'),(31,'omnis','2015-08-06 19:06:18','1988-12-29 14:39:51'),(32,'aut','2003-06-08 19:37:11','1983-09-09 04:24:38'),(33,'ea','1980-06-12 21:58:24','1987-01-13 08:38:29'),(34,'ab','2005-03-27 23:17:23','1997-12-06 07:47:55'),(35,'quaerat','2020-11-29 19:26:29','1984-09-02 20:41:41'),(36,'id','2000-10-13 10:56:00','1986-06-06 20:10:08'),(37,'voluptatem','1986-01-15 23:57:26','2016-06-17 15:34:12'),(38,'est','2006-08-02 18:17:14','2018-04-15 07:25:12'),(39,'eveniet','1975-07-01 15:51:09','1983-06-07 09:55:39'),(40,'incidunt','1999-10-27 09:13:20','2014-12-01 14:38:17'),(41,'dolor','2004-07-23 03:41:34','1970-07-30 00:14:05'),(42,'eos','2019-03-22 23:17:20','2008-01-07 10:46:50'),(43,'sit','1994-06-13 15:37:33','1980-09-10 04:04:34'),(44,'eum','2011-11-30 19:02:38','1996-09-08 23:12:19'),(45,'molestiae','2013-04-08 18:40:57','1974-06-19 06:06:55'),(46,'doloremque','1971-08-08 23:39:09','1979-12-31 09:00:08'),(47,'perferendis','1996-12-19 08:33:43','1995-03-25 17:29:13'),(48,'magni','2004-06-17 01:58:41','2016-05-19 01:18:41'),(49,'deserunt','1998-04-25 15:06:25','1978-10-19 23:49:16'),(50,'consequatur','1972-06-13 11:40:33','1970-09-12 07:53:35'),(51,'sunt','1979-10-26 19:34:09','2012-10-03 14:46:55'),(52,'sit','1981-10-09 08:30:25','1999-08-14 15:08:59'),(53,'consequatur','2020-08-14 04:48:32','1981-08-30 04:47:04'),(54,'sunt','1977-12-04 20:11:29','2009-03-17 09:18:16'),(55,'rerum','2001-07-04 09:18:36','1984-08-24 15:05:45'),(56,'iste','1988-07-15 01:53:10','1978-11-14 19:57:17'),(57,'beatae','1976-03-18 02:44:47','2012-05-26 02:38:13'),(58,'cupiditate','2008-07-14 14:28:49','1988-05-17 23:54:11'),(59,'at','2014-03-28 05:03:26','2002-01-21 10:24:36'),(60,'incidunt','1986-05-03 14:13:01','2003-11-26 17:12:38'),(61,'vitae','1974-08-20 03:40:37','1970-05-12 13:52:29'),(62,'saepe','2006-11-03 05:56:39','1978-05-05 11:41:18'),(63,'ea','1987-02-02 08:33:47','2012-03-27 18:36:20'),(64,'optio','2007-11-23 15:48:19','2017-11-02 11:44:42'),(65,'inventore','1995-10-25 06:37:11','1981-06-07 23:50:17'),(66,'corrupti','2020-05-08 18:21:58','2006-10-07 13:32:29'),(67,'quam','1982-01-11 11:30:03','2017-11-03 15:24:26'),(68,'sunt','2005-07-09 07:59:04','1978-04-08 04:45:24'),(69,'distinctio','2007-06-13 09:59:43','1993-02-22 08:44:10'),(70,'ipsam','2013-05-06 12:30:19','2007-02-10 12:40:39'),(71,'eligendi','2000-04-06 06:49:54','2020-11-06 11:14:32'),(72,'delectus','2005-02-22 11:44:57','1971-11-26 03:32:38'),(73,'error','1993-03-24 22:54:14','2017-08-11 00:55:30'),(74,'doloremque','2019-01-22 17:28:45','1999-09-26 00:14:23'),(75,'omnis','2016-10-13 03:07:58','1999-11-10 00:44:02'),(76,'enim','1992-12-31 00:20:26','1996-04-27 05:02:51'),(77,'quibusdam','2018-07-20 03:53:10','1972-11-04 17:19:34'),(78,'exercitationem','1995-08-31 00:59:07','2001-05-25 04:40:27'),(79,'est','1987-05-21 13:31:58','1999-08-25 04:48:05'),(80,'neque','1978-04-08 01:03:12','1980-01-11 20:00:21'),(81,'et','1989-01-15 19:40:29','1993-12-26 01:47:31'),(82,'eveniet','1994-10-24 08:20:17','2004-10-02 03:39:08'),(83,'quis','2002-04-19 01:33:28','2012-12-18 04:41:53'),(84,'facere','1977-01-01 18:46:12','2001-12-20 17:50:28'),(85,'et','1983-06-04 12:59:08','1971-03-15 15:02:26'),(86,'minus','1978-03-24 22:46:35','1981-12-12 10:47:12'),(87,'ea','1981-10-02 13:56:54','1972-01-12 06:44:04'),(88,'animi','1970-07-08 22:09:29','1994-08-18 17:35:16'),(89,'fugiat','1994-08-18 13:06:59','1979-11-23 13:12:50'),(90,'eaque','1972-07-05 12:38:24','2008-06-26 02:42:00'),(91,'vel','2015-04-15 15:09:52','1992-08-13 08:28:55'),(92,'odit','1981-08-30 05:59:12','1989-02-14 16:33:31'),(93,'doloremque','1987-12-12 22:23:53','2009-06-21 09:51:26'),(94,'libero','1976-10-05 15:15:51','1993-02-26 23:58:04'),(95,'ratione','2007-07-15 02:33:45','1993-08-16 10:13:10'),(96,'placeat','2014-12-27 02:23:31','1977-05-24 09:09:35'),(97,'porro','1977-01-06 10:09:31','1980-06-08 07:09:14'),(98,'ut','1994-03-22 08:58:59','2002-08-12 05:39:55'),(99,'rerum','2009-11-05 11:06:58','1982-06-25 14:26:55'),(100,'possimus','2011-07-29 06:45:17','2000-10-07 00:57:33');
/*!40000 ALTER TABLE `storehouses` ENABLE KEYS */;
UNLOCK TABLES;

--
-- Table structure for table `storehouses_products`
--

DROP TABLE IF EXISTS `storehouses_products`;
/*!40101 SET @saved_cs_client     = @@character_set_client */;
/*!50503 SET character_set_client = utf8mb4 */;
CREATE TABLE `storehouses_products` (
  `id` bigint unsigned NOT NULL AUTO_INCREMENT,
  `storehouse_id` int unsigned DEFAULT NULL,
  `product_id` int unsigned DEFAULT NULL,
  `value` int unsigned DEFAULT NULL COMMENT 'Запас товарной позиции на складе',
  `created_at` datetime DEFAULT CURRENT_TIMESTAMP,
  `updated_at` datetime DEFAULT CURRENT_TIMESTAMP ON UPDATE CURRENT_TIMESTAMP,
  PRIMARY KEY (`id`)
) ENGINE=InnoDB AUTO_INCREMENT=101 DEFAULT CHARSET=utf8mb4 COLLATE=utf8mb4_unicode_ci COMMENT='Запасы на складе';
/*!40101 SET character_set_client = @saved_cs_client */;

--
-- Dumping data for table `storehouses_products`
--

LOCK TABLES `storehouses_products` WRITE;
/*!40000 ALTER TABLE `storehouses_products` DISABLE KEYS */;
INSERT INTO `storehouses_products` VALUES (1,1,1,9,'2003-03-24 10:39:37','2007-09-12 01:10:14'),(2,2,2,2,'1974-01-19 02:25:31','1988-04-13 22:19:16'),(3,3,3,3,'1979-04-20 19:04:18','1971-01-01 15:50:58'),(4,4,4,6,'1994-01-21 13:17:42','2006-10-21 02:34:31'),(5,5,5,5,'1990-06-01 18:41:40','1994-01-23 00:18:53'),(6,6,6,9,'1985-11-10 20:01:46','1999-12-10 19:03:00'),(7,7,7,5,'2019-03-08 00:17:33','1991-11-25 00:52:21'),(8,8,1,0,'1972-07-17 02:21:54','2014-01-31 19:32:12'),(9,9,2,2,'1982-01-04 08:24:24','1985-03-20 00:28:48'),(10,10,3,6,'2000-01-24 00:46:49','2003-05-17 02:15:31'),(11,11,4,0,'1988-05-05 10:04:47','2018-12-30 15:58:23'),(12,12,5,8,'1975-11-19 13:13:56','2009-02-14 21:24:05'),(13,13,6,6,'1978-01-28 13:44:10','2000-03-21 19:13:52'),(14,14,7,2,'2014-12-18 11:45:01','1972-12-29 12:50:07'),(15,15,1,7,'1972-12-26 04:40:30','2019-09-14 02:14:51'),(16,16,2,3,'1994-11-22 09:51:12','1970-11-08 05:28:15'),(17,17,3,0,'1978-03-17 21:44:01','2014-08-23 20:43:09'),(18,18,4,4,'2016-03-07 07:28:47','1995-03-24 21:52:54'),(19,19,5,1,'1987-11-27 07:29:16','1996-02-19 02:01:38'),(20,20,6,5,'1982-09-09 19:44:11','2019-12-14 14:34:31'),(21,21,7,3,'2002-02-24 07:24:58','1984-08-07 19:54:00'),(22,22,1,2,'2014-06-28 19:08:36','2017-09-28 03:53:23'),(23,23,2,6,'2013-03-27 02:07:35','1973-11-25 23:54:08'),(24,24,3,4,'1995-10-27 16:42:56','1982-06-13 08:50:51'),(25,25,4,6,'1974-08-30 09:58:29','1970-07-30 08:02:07'),(26,26,5,9,'1973-08-06 23:56:03','1996-12-29 20:42:10'),(27,27,6,0,'2007-09-13 10:54:30','1982-06-12 21:26:44'),(28,28,7,4,'1983-01-12 08:05:58','2018-10-03 14:48:50'),(29,29,1,1,'1977-06-06 21:10:49','1999-10-30 08:01:08'),(30,30,2,5,'2020-10-10 19:40:30','1983-07-16 16:00:15'),(31,31,3,3,'2008-12-09 07:35:56','2002-12-22 14:50:45'),(32,32,4,1,'1970-01-19 10:36:32','2003-12-09 20:47:32'),(33,33,5,9,'1982-06-09 04:27:35','2019-01-31 14:19:13'),(34,34,6,2,'2010-03-20 23:02:53','1990-09-24 05:48:39'),(35,35,7,6,'2019-05-13 02:17:23','2008-04-14 09:37:39'),(36,36,1,0,'2003-06-22 09:29:49','1977-07-22 20:13:48'),(37,37,2,1,'2010-08-19 11:50:30','1986-07-12 17:39:57'),(38,38,3,4,'2004-12-03 23:42:37','1977-07-01 02:04:39'),(39,39,4,5,'1995-10-07 07:39:53','2014-12-15 02:48:29'),(40,40,5,5,'1970-06-05 22:17:38','2017-01-24 13:28:40'),(41,41,6,0,'2004-02-11 18:47:53','1995-08-22 15:22:48'),(42,42,7,1,'1974-10-20 13:21:50','2014-05-11 03:25:49'),(43,43,1,6,'1981-07-08 17:59:19','2019-03-28 13:34:50'),(44,44,2,1,'1984-05-11 15:06:48','2002-06-03 07:52:13'),(45,45,3,8,'1994-07-17 03:47:33','1991-09-08 04:27:17'),(46,46,4,1,'1994-10-30 09:11:05','2006-05-05 08:38:18'),(47,47,5,8,'1980-07-06 00:59:33','2001-08-26 21:54:11'),(48,48,6,6,'1995-07-26 07:47:57','1972-07-09 08:35:53'),(49,49,7,3,'1993-02-05 17:35:10','2020-06-14 14:17:33'),(50,50,1,3,'1980-04-26 20:01:15','2017-03-05 00:49:42'),(51,51,2,1,'1979-05-18 02:16:32','1976-03-23 20:22:18'),(52,52,3,4,'2017-11-12 02:11:57','1998-10-10 19:56:36'),(53,53,4,6,'2018-01-18 18:26:46','2007-09-12 17:11:03'),(54,54,5,4,'2013-07-13 22:25:15','2007-03-16 14:02:15'),(55,55,6,2,'1977-11-04 09:37:42','1977-02-27 08:16:25'),(56,56,7,6,'1988-01-14 13:41:11','1989-03-26 01:57:09'),(57,57,1,9,'1998-04-13 18:41:21','2018-04-13 01:14:56'),(58,58,2,0,'1977-12-12 00:32:25','2006-04-07 03:50:50'),(59,59,3,3,'1974-01-11 02:00:13','2007-03-25 05:16:40'),(60,60,4,7,'1983-01-19 03:45:57','1971-10-29 21:50:17'),(61,61,5,5,'1981-09-20 06:13:36','1991-01-19 03:21:53'),(62,62,6,0,'1996-02-07 06:09:21','2009-04-01 10:51:05'),(63,63,7,7,'1971-01-05 15:54:15','1971-07-30 18:59:45'),(64,64,1,2,'1970-11-24 19:24:22','1995-04-12 03:19:48'),(65,65,2,4,'1992-07-14 11:57:34','2016-03-29 21:21:19'),(66,66,3,9,'2017-11-06 15:55:21','2014-04-13 10:42:44'),(67,67,4,3,'1982-10-21 05:47:24','1990-04-09 14:01:50'),(68,68,5,2,'2002-01-03 16:12:05','2003-05-02 22:52:44'),(69,69,6,1,'1987-06-24 19:57:10','2016-08-02 08:56:54'),(70,70,7,5,'1981-12-16 18:15:54','1996-10-05 14:02:13'),(71,71,1,5,'1974-12-10 11:22:51','1997-03-14 21:10:55'),(72,72,2,1,'1990-07-26 17:32:33','1983-11-09 07:51:15'),(73,73,3,1,'1983-10-21 05:58:26','2007-11-01 01:05:59'),(74,74,4,1,'1990-08-30 10:11:54','1994-12-22 05:52:13'),(75,75,5,2,'1977-03-21 17:16:24','1997-07-27 05:04:47'),(76,76,6,4,'1980-07-28 19:20:18','1987-07-03 20:46:23'),(77,77,7,6,'1997-02-12 13:26:48','2017-01-30 19:11:03'),(78,78,1,8,'1973-07-09 05:37:23','1981-09-21 15:14:57'),(79,79,2,1,'1980-06-29 20:20:34','2002-09-05 13:02:36'),(80,80,3,8,'2017-09-05 04:09:18','1971-05-21 01:06:53'),(81,81,4,7,'1981-07-26 19:57:00','2005-10-27 11:10:47'),(82,82,5,3,'1994-01-14 21:26:58','1998-02-07 19:57:38'),(83,83,6,7,'2018-09-05 22:52:56','1989-12-02 00:03:26'),(84,84,7,1,'2002-07-21 20:50:10','1995-07-08 13:12:46'),(85,85,1,8,'1995-05-11 10:48:26','2008-08-26 13:59:04'),(86,86,2,3,'1975-10-22 03:00:07','1977-11-03 08:24:12'),(87,87,3,6,'1974-12-10 15:34:07','2014-04-01 15:31:53'),(88,88,4,2,'1987-10-19 02:38:46','2001-07-23 02:50:48'),(89,89,5,0,'2010-01-31 20:20:58','1981-08-06 02:52:50'),(90,90,6,0,'1985-08-05 19:30:06','1986-04-19 03:54:01'),(91,91,7,1,'1979-04-09 01:27:36','1998-08-07 09:26:07'),(92,92,1,5,'1983-01-18 19:38:05','2013-12-29 19:30:55'),(93,93,2,5,'1999-09-07 01:15:44','1998-05-01 04:43:20'),(94,94,3,1,'1991-06-14 08:52:20','1986-09-03 16:12:42'),(95,95,4,0,'1976-05-13 07:10:00','2012-10-29 23:09:19'),(96,96,5,7,'2001-01-20 15:43:53','1972-01-21 05:58:24'),(97,97,6,2,'2002-10-22 13:46:42','1977-06-22 11:55:49'),(98,98,7,4,'2020-05-06 21:36:37','1987-03-15 11:14:16'),(99,99,1,0,'2013-04-13 19:45:20','1998-11-27 12:52:27'),(100,100,2,1,'1987-08-07 15:52:33','1997-05-28 20:50:55');
/*!40000 ALTER TABLE `storehouses_products` ENABLE KEYS */;
UNLOCK TABLES;

--
-- Table structure for table `users`
--

DROP TABLE IF EXISTS `users`;
/*!40101 SET @saved_cs_client     = @@character_set_client */;
/*!50503 SET character_set_client = utf8mb4 */;
CREATE TABLE `users` (
  `id` bigint unsigned NOT NULL AUTO_INCREMENT,
  `name` varchar(255) CHARACTER SET utf8mb4 COLLATE utf8mb4_unicode_ci DEFAULT NULL COMMENT 'Имя покупателя',
  `birthday_at` date DEFAULT NULL COMMENT 'Дата рождения',
  `created_at` datetime DEFAULT NULL,
  `updated_at` datetime DEFAULT NULL,
  PRIMARY KEY (`id`)
) ENGINE=InnoDB AUTO_INCREMENT=7 DEFAULT CHARSET=utf8mb4 COLLATE=utf8mb4_unicode_ci COMMENT='Покупатели';
/*!40101 SET character_set_client = @saved_cs_client */;

--
-- Dumping data for table `users`
--

LOCK TABLES `users` WRITE;
/*!40000 ALTER TABLE `users` DISABLE KEYS */;
INSERT INTO `users` VALUES (1,'Геннадий','1990-10-05','2021-07-11 11:51:05','2021-07-11 11:51:05'),(2,'Наталья','1984-11-12','2021-07-11 11:51:05','2021-07-11 11:51:05'),(3,'Александр','1985-05-20','2021-07-11 11:51:05','2021-07-11 11:51:05'),(4,'Сергей','1988-02-14','2021-07-11 11:51:05','2021-07-11 11:51:05'),(5,'Иван','1998-01-12','2021-07-11 11:51:05','2021-07-11 11:51:05'),(6,'Мария','1992-08-29','2021-07-11 11:51:05','2021-07-11 11:51:05');
/*!40000 ALTER TABLE `users` ENABLE KEYS */;
UNLOCK TABLES;
/*!40103 SET TIME_ZONE=@OLD_TIME_ZONE */;

/*!40101 SET SQL_MODE=@OLD_SQL_MODE */;
/*!40014 SET FOREIGN_KEY_CHECKS=@OLD_FOREIGN_KEY_CHECKS */;
/*!40014 SET UNIQUE_CHECKS=@OLD_UNIQUE_CHECKS */;
/*!40101 SET CHARACTER_SET_CLIENT=@OLD_CHARACTER_SET_CLIENT */;
/*!40101 SET CHARACTER_SET_RESULTS=@OLD_CHARACTER_SET_RESULTS */;
/*!40101 SET COLLATION_CONNECTION=@OLD_COLLATION_CONNECTION */;
/*!40111 SET SQL_NOTES=@OLD_SQL_NOTES */;

-- Dump completed on 2021-07-11 12:34:18
